[{"metrics_value":"322025","metrics_name":"#instructions","metrics_desc":"number of covered instructions"},{"metrics_value":"3.841422249825324","metrics_name":"avgInstructionSize","metrics_desc":"average instruction size"},{"metrics_value":"495829","metrics_name":"#expectedInstructions","metrics_desc":"expected number of instructions"},{"metrics_value":"64.95","metrics_name":"%instructionCoverage","metrics_desc":"estimate of percentage of covered instructions"},{"metrics_value":"107853","metrics_name":"#memWrites","metrics_desc":"total number of instructions writing to memory"},{"metrics_value":"[(\"C+LGH\",60.97),(\"C+O\",10.72),(\"NC+LH\",1.0e-2),(\"NC+O\",28.3),(\"U\",0.0)]","metrics_name":"pointerDesignations","metrics_desc":"C+LGH, C+O, NC+LH, NC+O, U"},{"metrics_value":"80.19","metrics_name":"specifityMetric","metrics_desc":"weighted mean of pointer designations"},{"metrics_value":"3127","metrics_name":"#functions","metrics_desc":"total number of functions"},{"metrics_value":"3090","metrics_name":"#functions_verified","metrics_desc":"total number of verified functions"},{"metrics_value":"24","metrics_name":"#functions_unresolved","metrics_desc":"total number of functions with unresolved indirections"},{"metrics_value":"13","metrics_name":"#functions_verif_error","metrics_desc":"total number of functions with verification error"},{"metrics_value":"128","metrics_name":"#resolved_jumps","metrics_desc":"total number of resolved jumps"},{"metrics_value":"11","metrics_name":"#resolved_calls","metrics_desc":"total number of resolved calls"},{"metrics_value":"26","metrics_name":"#unresolved_jumps","metrics_desc":"total number of unresolved jumps"},{"metrics_value":"926","metrics_name":"#unresolved_calls","metrics_desc":"total number of unresolved calls"},{"metrics_value":"1:0:0","metrics_name":"runningTime","metrics_desc":"Running time in HH:MM:SS"}]