[{"metrics_value":"240821","metrics_name":"#instructions","metrics_desc":"number of covered instructions"},{"metrics_value":"3.8637120516898444","metrics_name":"avgInstructionSize","metrics_desc":"average instruction size"},{"metrics_value":"501055","metrics_name":"#expectedInstructions","metrics_desc":"expected number of instructions"},{"metrics_value":"48.06","metrics_name":"%instructionCoverage","metrics_desc":"estimate of percentage of covered instructions"},{"metrics_value":"70730","metrics_name":"#memWrites","metrics_desc":"total number of instructions writing to memory"},{"metrics_value":"[(\"C+LGH\",35.99),(\"C+O\",21.84),(\"NC+LH\",7.0e-2),(\"NC+O\",41.81),(\"U\",0.28)]","metrics_name":"pointerDesignations","metrics_desc":"C+LGH, C+O, NC+LH, NC+O, U"},{"metrics_value":"70.443","metrics_name":"specifityMetric","metrics_desc":"weighted mean of pointer designations"},{"metrics_value":"2588","metrics_name":"#functions","metrics_desc":"total number of functions"},{"metrics_value":"2475","metrics_name":"#functions_verified","metrics_desc":"total number of verified functions"},{"metrics_value":"102","metrics_name":"#functions_unresolved","metrics_desc":"total number of functions with unresolved indirections"},{"metrics_value":"11","metrics_name":"#functions_verif_error","metrics_desc":"total number of functions with verification error"},{"metrics_value":"150","metrics_name":"#resolved_jumps","metrics_desc":"total number of resolved jumps"},{"metrics_value":"15","metrics_name":"#resolved_calls","metrics_desc":"total number of resolved calls"},{"metrics_value":"140","metrics_name":"#unresolved_jumps","metrics_desc":"total number of unresolved jumps"},{"metrics_value":"1783","metrics_name":"#unresolved_calls","metrics_desc":"total number of unresolved calls"},{"metrics_value":"0:12:17","metrics_name":"runningTime","metrics_desc":"Running time in HH:MM:SS"}]