[{"name":"_start","blocks":[[0,["XOR EBP, EBP","MOV R9, RDX","POP RSI","MOV RDX, RSP","AND RSP, 0xfffffffffffffff0","PUSH RAX","PUSH RSP","XOR R8D, R8D","XOR ECX, ECX","LEA RDI, [main]    ","CALL __libc_start_main wrt ..plt"]],[1,["HLT"]]],"control_flow":[[0,[1]]]},{"name":"deregister_tm_clones","blocks":[[0,["LEA RDI, [__TMC_END__]    ","LEA RAX, [__TMC_END__]    ","CMP RAX, RDI","JE L11d0_2    "]],[1,["MOV qword [Ltemp_storage_foxdec], RBX ","LEA RBX, [_ITM_deregisterTMCloneTable wrt ..plt]","MOV RAX, RBX","MOV RBX, qword [Ltemp_storage_foxdec] ","TEST RAX, RAX","JE L11d0_2    "]],[3,["JMP _ITM_deregisterTMCloneTable wrt ..plt"]],[2,["RET"]]],"control_flow":[[0,[1,2]],[1,[2,3]]]},{"name":"__do_global_dtors_aux","blocks":[[0,["CMP byte [L_.bss_0x4028], 0x0    ","JNE L1240_2    "]],[1,["PUSH RBP","MOV qword [Ltemp_storage_foxdec], RAX ","LEA RAX, [__cxa_finalize wrt ..plt]","CMP RAX, 0x0","MOV RAX, qword [Ltemp_storage_foxdec] ","MOV RBP, RSP","JE L1240_4    "]],[3,["MOV RDI, qword [__dso_handle]    ","CALL __cxa_finalize wrt ..plt"]],[4,["CALL deregister_tm_clones    "]],[5,["MOV byte [L_.bss_0x4028], 0x1    ","POP RBP","RET"]],[2,["RET"]]],"control_flow":[[0,[1,2]],[1,[3,4]],[3,[4]],[4,[5]]]},{"name":"frame_dummy","blocks":[[1,["MOV qword [Ltemp_storage_foxdec], RBX ","LEA RBX, [_ITM_registerTMCloneTable wrt ..plt]","MOV RAX, RBX","MOV RBX, qword [Ltemp_storage_foxdec] ","TEST RAX, RAX","JE L1280_2    "]],[3,["JMP _ITM_registerTMCloneTable wrt ..plt"]],[2,["RET"]],[0,["LEA RDI, [__TMC_END__]    ","LEA RSI, [__TMC_END__]    ","SUB RSI, RDI","MOV RAX, RSI","SHR RSI, 0x3f","SAR RAX, 0x3","ADD RSI, RAX","SAR RSI, 0x1","JE L1280_2    ","JMP L1280_1 "]]],"control_flow":[[0,[1,2]],[1,[2,3]]]},{"name":"error_print","blocks":[[0,["PUSH RBP","MOV RBP, RSP","SUB RSP, 0x20","MOV dword [RBP - 0x4], EDI","MOV qword [RBP - 0x10], RSI","MOV qword [RBP - 0x18], RDX","MOV RAX, qword [stderr]    ","MOV RDX, qword [RBP - 0x18]","MOV RCX, qword [RBP - 0x10]","MOV RSI, RCX","MOV RDI, RAX","CALL vfprintf wrt ..plt"]],[1,["CMP dword [RBP - 0x4], 0x0","JE L1289_3    "]],[2,["LEA RAX, [L_.rodata_0x2004]    ","MOV RDI, RAX","CALL perror wrt ..plt"]],[4,["JMP L1289_5    "]],[3,["MOV RAX, qword [stderr]    ","MOV RSI, RAX","MOV EDI, 0xa","CALL fputc wrt ..plt"]],[5,["MOV EDI, 0x1","NOP","CALL exit wrt ..plt"]]],"control_flow":[[0,[1]],[1,[2,3]],[2,[4]],[3,[5]],[4,[5]]]},{"name":"errf","blocks":[[0,["PUSH RBP","MOV RBP, RSP","SUB RSP, 0xe0","MOV qword [RBP - 0xd8], RDI","MOV qword [RBP - 0xa8], RSI","MOV qword [RBP - 0xa0], RDX","MOV qword [RBP - 0x98], RCX","MOV qword [RBP - 0x90], R8","MOV qword [RBP - 0x88], R9","TEST AL, AL","JE L12ef_2    "]],[1,["MOVAPS oword [RBP - 0x80], XMM0","MOVAPS oword [RBP - 0x70], XMM1","MOVAPS oword [RBP - 0x60], XMM2","MOVAPS oword [RBP - 0x50], XMM3","MOVAPS oword [RBP - 0x40], XMM4","MOVAPS oword [RBP - 0x30], XMM5","MOVAPS oword [RBP - 0x20], XMM6","MOVAPS oword [RBP - 0x10], XMM7"]],[2,["MOV RAX, qword [FS:0x28]","MOV qword [RBP - 0xb8], RAX","XOR EAX, EAX","MOV dword [RBP - 0xd0], 0x8","MOV dword [RBP - 0xcc], 0x30","LEA RAX, [RBP + 0x10]","MOV qword [RBP - 0xc8], RAX","LEA RAX, [RBP - 0xb0]","MOV qword [RBP - 0xc0], RAX","LEA RDX, [RBP - 0xd0]","MOV RAX, qword [RBP - 0xd8]","MOV RSI, RAX","MOV EDI, 0x0","NOP","CALL error_print    ","HLT "]]],"control_flow":[[0,[1,2]],[1,[2]]]},{"name":"perrf","blocks":[[0,["PUSH RBP","MOV RBP, RSP","SUB RSP, 0xe0","MOV qword [RBP - 0xd8], RDI","MOV qword [RBP - 0xa8], RSI","MOV qword [RBP - 0xa0], RDX","MOV qword [RBP - 0x98], RCX","MOV qword [RBP - 0x90], R8","MOV qword [RBP - 0x88], R9","TEST AL, AL","JE L13c0_2    "]],[1,["MOVAPS oword [RBP - 0x80], XMM0","MOVAPS oword [RBP - 0x70], XMM1","MOVAPS oword [RBP - 0x60], XMM2","MOVAPS oword [RBP - 0x50], XMM3","MOVAPS oword [RBP - 0x40], XMM4","MOVAPS oword [RBP - 0x30], XMM5","MOVAPS oword [RBP - 0x20], XMM6","MOVAPS oword [RBP - 0x10], XMM7"]],[2,["MOV RAX, qword [FS:0x28]","MOV qword [RBP - 0xb8], RAX","XOR EAX, EAX","MOV dword [RBP - 0xd0], 0x8","MOV dword [RBP - 0xcc], 0x30","LEA RAX, [RBP + 0x10]","MOV qword [RBP - 0xc8], RAX","LEA RAX, [RBP - 0xb0]","MOV qword [RBP - 0xc0], RAX","LEA RDX, [RBP - 0xd0]","MOV RAX, qword [RBP - 0xd8]","MOV RSI, RAX","MOV EDI, 0x1","NOP","CALL error_print    ","HLT "]]],"control_flow":[[0,[1,2]],[1,[2]]]},{"name":"report","blocks":[[0,["PUSH RBP","MOV RBP, RSP","SUB RSP, 0x20","MOV qword [RBP - 0x8], RDI","MOV qword [RBP - 0x10], RSI","MOV qword [RBP - 0x18], RDX","MOV qword [RBP - 0x20], RCX","MOV RSI, qword [RBP - 0x8]","MOV RCX, qword [RBP - 0x10]","MOV RDX, qword [RBP - 0x18]","MOV RAX, qword [RBP - 0x20]","MOV R8, RSI","MOV RSI, RAX","LEA RAX, [L_.rodata_0x2006]    ","MOV RDI, RAX","MOV EAX, 0x0","CALL printf wrt ..plt"]],[1,["LEAVE","RET"]]],"control_flow":[[0,[1]]]},{"name":"isword","blocks":[[0,["PUSH RBP","MOV RBP, RSP","SUB RSP, 0x10","MOV EAX, EDI","MOV byte [RBP - 0x4], AL","CALL __ctype_b_loc wrt ..plt"]],[1,["MOV RDX, qword [RAX]","MOVZX EAX, byte [RBP - 0x4]","ADD RAX, RAX","ADD RAX, RDX","MOVZX EAX, word [RAX]","MOVZX EAX, AX","AND EAX, 0x400","LEAVE","RET"]]],"control_flow":[[0,[1]]]},{"name":"getword","blocks":[[0,["PUSH RBP","MOV RBP, RSP","SUB RSP, 0x20","MOV qword [RBP - 0x18], RDI","MOV dword [RBP - 0x4], 0x0","MOV RAX, qword [RBP - 0x18]","MOV RDI, RAX","CALL feof wrt ..plt"]],[1,["TEST EAX, EAX","JE L150a_3    "]],[2,["MOV EAX, 0x0","JMP L150a_21    "]],[9,["MOV EAX, dword [RBP - 0x8]","MOVZX EAX, AL","MOV EDI, EAX","CALL isword    "]],[5,["TEST EAX, EAX","JE L150a_7    "]],[6,["MOV RAX, qword [L_.bss_0x4038]    ","ADD RAX, 0x1","MOV qword [L_.bss_0x4038], RAX    ","JMP L150a_11    "]],[7,["MOV RAX, qword [L_.bss_0x4030]    ","ADD RAX, 0x1","MOV qword [L_.bss_0x4030], RAX    ","CMP dword [RBP - 0x8], 0xa","JNE L150a_3    "]],[8,["MOV RAX, qword [L_.bss_0x4040]    ","ADD RAX, 0x1","MOV qword [L_.bss_0x4040], RAX    "]],[3,["MOV RAX, qword [RBP - 0x18]","MOV RDI, RAX","CALL getc wrt ..plt"]],[4,["MOV dword [RBP - 0x8], EAX","CMP dword [RBP - 0x8], 0xffffffff","JNE L150a_9    "]],[10,["JMP L150a_11    "]],[18,["MOV RAX, qword [L_.bss_0x4030]    ","ADD RAX, 0x1","MOV qword [L_.bss_0x4030], RAX    ","CMP dword [RBP - 0x8], 0xa","JNE L150a_13    "]],[12,["MOV RAX, qword [L_.bss_0x4040]    ","ADD RAX, 0x1","MOV qword [L_.bss_0x4040], RAX    "]],[13,["MOV EAX, dword [RBP - 0x8]","MOVZX EAX, AL","MOV EDI, EAX","CALL isword    "]],[14,["TEST EAX, EAX","JE L150a_16    "]],[15,["MOV RAX, qword [RBP - 0x18]","MOV RDI, RAX","CALL getc wrt ..plt"]],[17,["MOV dword [RBP - 0x8], EAX"]],[11,["CMP dword [RBP - 0x8], 0xffffffff","JNE L150a_18    "]],[19,["JMP L150a_20    "]],[16,["NOP "]],[20,["CMP dword [RBP - 0x8], 0xffffffff","SETNE AL","MOVZX EAX, AL"]],[21,["LEAVE","RET"]]],"control_flow":[[0,[1]],[1,[2,3]],[2,[21]],[3,[4]],[4,[9,10]],[5,[6,7]],[6,[11]],[7,[3,8]],[8,[3]],[9,[5]],[10,[11]],[11,[18,19]],[12,[13]],[13,[14]],[14,[15,16]],[15,[17]],[16,[20]],[17,[11]],[18,[12,13]],[19,[20]],[20,[21]]]},{"name":"counter","blocks":[[0,["PUSH RBP","MOV RBP, RSP","SUB RSP, 0x20","MOV qword [RBP - 0x18], RDI","MOV RAX, qword [RBP - 0x18]","LEA RDX, [L_.rodata_0x2019]    ","MOV RSI, RDX","MOV RDI, RAX","CALL fopen wrt ..plt"]],[1,["MOV qword [RBP - 0x8], RAX","CMP qword [RBP - 0x8], 0x0","JNE L1600_3    "]],[2,["MOV RAX, qword [RBP - 0x18]","MOV RSI, RAX","LEA RAX, [L_.rodata_0x201b]    ","MOV RDI, RAX","MOV EAX, 0x0","NOP","CALL perrf    "]],[3,["MOV qword [L_.bss_0x4040], 0x0    ","MOV RAX, qword [L_.bss_0x4040]    ","MOV qword [L_.bss_0x4038], RAX    ","MOV RAX, qword [L_.bss_0x4038]    ","MOV qword [L_.bss_0x4030], RAX    "]],[5,["MOV RAX, qword [RBP - 0x8]","MOV RDI, RAX","CALL getword    "]],[4,["TEST EAX, EAX","JNE L1600_5    "]],[6,["MOV RAX, qword [RBP - 0x8]","MOV RDI, RAX","CALL fclose wrt ..plt"]],[7,["MOV RCX, qword [L_.bss_0x4040]    ","MOV RDX, qword [L_.bss_0x4038]    ","MOV RSI, qword [L_.bss_0x4030]    ","MOV RAX, qword [RBP - 0x18]","MOV RDI, RAX","CALL report    "]],[8,["MOV RDX, qword [L_.bss_0x4048]    ","MOV RAX, qword [L_.bss_0x4030]    ","ADD RAX, RDX","MOV qword [L_.bss_0x4048], RAX    ","MOV RDX, qword [L_.bss_0x4050]    ","MOV RAX, qword [L_.bss_0x4038]    ","ADD RAX, RDX","MOV qword [L_.bss_0x4050], RAX    ","MOV RDX, qword [L_.bss_0x4058]    ","MOV RAX, qword [L_.bss_0x4040]    ","ADD RAX, RDX","MOV qword [L_.bss_0x4058], RAX    ","LEAVE","RET"]]],"control_flow":[[0,[1]],[1,[2,3]],[3,[5]],[4,[5,6]],[5,[4]],[6,[7]],[7,[8]]]},{"name":"main","blocks":[[0,["PUSH RBP","MOV RBP, RSP","SUB RSP, 0x20","MOV dword [RBP - 0x14], EDI","MOV qword [RBP - 0x20], RSI","CMP dword [RBP - 0x14], 0x1","JG L16fc_2    "]],[1,["LEA RAX, [L_.rodata_0x2031]    ","MOV RDI, RAX","MOV EAX, 0x0","NOP","CALL errf    "]],[2,["MOV dword [RBP - 0x4], 0x1","JMP L16fc_4    "]],[5,["MOV EAX, dword [RBP - 0x4]","CDQE","LEA RDX, [RAX * 8]","MOV RAX, qword [RBP - 0x20]","ADD RAX, RDX","MOV RAX, qword [RAX]","MOV RDI, RAX","CALL counter    "]],[3,["ADD dword [RBP - 0x4], 0x1"]],[4,["MOV EAX, dword [RBP - 0x4]","CMP EAX, dword [RBP - 0x14]","JL L16fc_5    "]],[6,["CMP dword [RBP - 0x14], 0x2","JLE L16fc_8    "]],[7,["MOV RCX, qword [L_.bss_0x4058]    ","MOV RDX, qword [L_.bss_0x4050]    ","MOV RAX, qword [L_.bss_0x4048]    ","MOV RSI, RAX","LEA RAX, [L_.rodata_0x204a]    ","MOV RDI, RAX","CALL report    "]],[8,["MOV EAX, 0x0","LEAVE","RET"]]],"control_flow":[[0,[1,2]],[2,[4]],[3,[4]],[4,[5,6]],[5,[3]],[6,[7,8]],[7,[8]]]}]