[{"metrics_value":"90666","metrics_name":"#instructions","metrics_desc":"number of covered instructions"},{"metrics_value":"3.94398120574416","metrics_name":"avgInstructionSize","metrics_desc":"average instruction size"},{"metrics_value":"119286","metrics_name":"#expectedInstructions","metrics_desc":"expected number of instructions"},{"metrics_value":"76.01","metrics_name":"%instructionCoverage","metrics_desc":"estimate of percentage of covered instructions"},{"metrics_value":"70471","metrics_name":"#memWrites","metrics_desc":"total number of instructions writing to memory"},{"metrics_value":"[(\"C+LGH\",22.01),(\"C+O\",8.68),(\"NC+LH\",1.0e-2),(\"NC+O\",69.29),(\"U\",0.0)]","metrics_name":"pointerDesignations","metrics_desc":"C+LGH, C+O, NC+LH, NC+O, U"},{"metrics_value":"51.48700000000001","metrics_name":"specifityMetric","metrics_desc":"weighted mean of pointer designations"},{"metrics_value":"693","metrics_name":"#functions","metrics_desc":"total number of functions"},{"metrics_value":"678","metrics_name":"#functions_verified","metrics_desc":"total number of verified functions"},{"metrics_value":"14","metrics_name":"#functions_unresolved","metrics_desc":"total number of functions with unresolved indirections"},{"metrics_value":"1","metrics_name":"#functions_verif_error","metrics_desc":"total number of functions with verification error"},{"metrics_value":"23","metrics_name":"#resolved_jumps","metrics_desc":"total number of resolved jumps"},{"metrics_value":"0","metrics_name":"#resolved_calls","metrics_desc":"total number of resolved calls"},{"metrics_value":"14","metrics_name":"#unresolved_jumps","metrics_desc":"total number of unresolved jumps"},{"metrics_value":"384","metrics_name":"#unresolved_calls","metrics_desc":"total number of unresolved calls"},{"metrics_value":"0:7:7","metrics_name":"runningTime","metrics_desc":"Running time in HH:MM:SS"}]